City_ID,City,Country,Lat,Lng,Max Temp,Humidity,Cloudiness,Wind Speed,Current Description
0,Hithadhoo,MV,-0.6,73.0833,83.03,69,53,4.81,broken clouds
1,Mogadishu,SO,2.0371,45.3438,81.68,78,60,14.0,broken clouds
2,Vila Franca Do Campo,PT,37.7167,-25.4333,61.21,75,13,14.45,few clouds
3,Mount Gambier,AU,-37.8333,140.7667,46.31,100,38,5.75,mist
4,Natal,BR,-5.795,-35.2094,79.45,100,75,11.5,moderate rain
5,Hofn,IS,64.2539,-15.2082,38.17,84,100,16.91,overcast clouds
6,Vaini,TO,-21.2,-175.2,73.56,100,100,5.75,light intensity shower rain
7,Bambous Virieux,MU,-20.3428,57.7575,80.22,83,75,11.5,broken clouds
8,Tuatapere,NZ,-46.1333,167.6833,46.99,92,87,3.44,overcast clouds
9,Chuy,UY,-33.6971,-53.4616,71.62,68,92,10.69,light rain
10,Pimenta Bueno,BR,-11.6725,-61.1936,84.99,71,24,3.51,few clouds
11,Castro,BR,-24.7911,-50.0119,71.73,80,69,4.59,broken clouds
12,Khuzdar,PK,27.7384,66.6434,69.94,8,27,4.59,scattered clouds
13,Rio Rancho,US,35.2334,-106.6645,74.37,17,0,8.05,clear sky
14,Hilo,US,19.7297,-155.09,78.53,76,100,6.91,heavy intensity rain
15,Rikitea,PF,-23.1203,-134.9692,76.71,66,56,10.27,broken clouds
16,Bansko,BG,41.8383,23.4885,32.29,92,85,2.48,light snow
17,Jamestown,US,42.097,-79.2353,33.71,68,100,9.22,snow
18,Eskilstuna,SE,59.3666,16.5077,39.85,53,100,8.01,light rain
19,Punta Arenas,CL,-53.15,-70.9167,41.11,87,40,23.02,light intensity shower rain
20,Geraldton,AU,-28.7667,114.6,72.01,88,75,14.97,broken clouds
21,Pingliang,CN,35.5392,106.6861,50.47,59,100,3.6,overcast clouds
22,Castle Rock,US,39.3722,-104.8561,49.28,46,100,5.99,overcast clouds
23,Shelburne,CA,44.0787,-80.2041,39.13,83,100,13.85,overcast clouds
24,Ginda,IN,30.6945,78.4932,54.59,23,7,8.97,clear sky
25,Bartlesville,US,36.7473,-95.9808,77.02,45,20,14.97,few clouds
26,New Norfolk,AU,-42.7826,147.0587,56.7,89,99,1.03,overcast clouds
27,Tucano,BR,-10.9631,-38.7867,86.88,42,99,12.48,overcast clouds
28,Riyadh,SA,24.6877,46.7219,80.74,12,89,7.92,overcast clouds
29,Atuona,PF,-9.8,-139.0333,79.95,72,83,21.14,broken clouds
30,Mar Del Plata,AR,-38.0023,-57.5575,75.22,62,40,21.85,scattered clouds
31,Ushuaia,AR,-54.8,-68.3,38.86,81,40,31.07,light rain
32,Avarua,CK,-21.2078,-159.775,77.05,94,20,2.3,few clouds
33,Busselton,AU,-33.65,115.3333,62.58,81,51,16.98,broken clouds
34,Bagotville,AU,-28.9833,153.4167,64.63,99,100,2.19,light rain
35,Tubmanburg,LR,6.8708,-10.8172,76.62,88,100,3.15,light rain
36,Bluff,NZ,-46.6,168.3333,56.23,75,98,12.28,overcast clouds
37,Valparaiso,CL,-33.0393,-71.6273,77.23,53,0,13.8,clear sky
38,Tuktoyaktuk,CA,69.4541,-133.0374,-20.2,69,20,2.3,few clouds
39,Krasnoselkup,RU,65.7,82.4667,-1.89,99,97,6.22,overcast clouds
40,Ouesso,CG,1.6136,16.0517,73.62,84,97,2.08,light rain
41,Luderitz,NA,-26.6481,15.1594,60.57,87,0,5.82,clear sky
42,Mount Pleasant,US,32.7941,-79.8626,78.01,32,0,11.5,clear sky
43,Bredasdorp,ZA,-34.5322,20.0403,61.47,88,56,2.28,broken clouds
44,Ribeira Grande,PT,38.5167,-28.7,64.8,63,20,10.36,few clouds
45,Kanigiri,IN,15.4,79.5167,78.3,76,6,7.78,clear sky
46,Naze,JP,28.3667,129.4833,58.12,61,13,12.15,few clouds
47,Tucuman,AR,-26.8241,-65.2226,78.8,44,0,5.75,clear sky
48,Khatanga,RU,71.9667,102.5,-29.15,100,99,4.09,overcast clouds
49,Houlton,US,46.1262,-67.8403,45.01,29,40,6.91,scattered clouds
50,Hermanus,ZA,-34.4187,19.2345,61.81,87,1,8.59,clear sky
51,Albany,US,42.6001,-73.9662,41.63,86,100,0.94,moderate rain
52,Ahipara,NZ,-35.1667,173.1667,64.74,86,3,2.24,clear sky
53,Port Alfred,ZA,-33.5906,26.891,68.18,91,98,3.0,overcast clouds
54,Saskylakh,RU,71.9167,114.0833,-7.06,98,100,9.66,overcast clouds
55,Tasiilaq,GL,65.6145,-37.6368,30.36,95,95,4.74,overcast clouds
56,Manjeshwar,IN,12.7194,74.8861,79.75,84,93,4.72,overcast clouds
57,Carnarvon,AU,-24.8667,113.6333,77.07,83,40,12.66,scattered clouds
58,Hobart,AU,-42.8794,147.3294,57.06,93,100,5.75,overcast clouds
59,Kalininsk,RU,51.5,44.4758,42.51,85,100,3.65,overcast clouds
60,Ambanja,MG,-13.6833,48.45,74.1,93,32,2.84,moderate rain
61,Witu,KE,-2.3889,40.4382,84.36,82,72,7.65,broken clouds
62,Airai,TL,-8.9266,125.4092,56.95,77,20,1.16,few clouds
63,Victoria,HK,22.2855,114.1577,65.25,65,0,13.0,clear sky
64,Sydney,AU,-33.8679,151.2073,63.72,71,0,1.01,clear sky
65,Phan Thiet,VN,10.9333,108.1,76.53,74,92,6.38,overcast clouds
66,Kruisfontein,ZA,-34.0033,24.7314,61.88,84,89,1.66,overcast clouds
67,Presidencia Roque Saenz Pena,AR,-26.7852,-60.4388,72.86,85,94,4.21,overcast clouds
68,Huarmey,PE,-10.0681,-78.1522,74.97,73,18,11.99,few clouds
69,Severo-Kurilsk,RU,50.6789,156.125,30.2,87,23,11.59,few clouds
70,Ulladulla,AU,-35.35,150.4667,61.7,60,100,9.48,overcast clouds
71,Kokopo,PG,-4.352,152.2633,77.16,85,77,1.66,broken clouds
72,Beringovskiy,RU,63.05,179.3167,-4.9,86,49,15.26,scattered clouds
73,Butaritari,KI,3.0707,172.7902,81.46,72,98,14.5,overcast clouds
74,Port Elizabeth,ZA,-33.918,25.5701,64.09,95,0,8.05,clear sky
75,Saint-Francois,FR,46.4154,3.9054,36.84,70,0,4.61,clear sky
76,Yellowknife,CA,62.456,-114.3525,19.42,68,75,17.27,broken clouds
77,Solin,HR,43.55,16.5,43.92,49,0,2.3,clear sky
78,Labuhan,ID,-6.8844,112.2051,75.49,90,100,9.31,overcast clouds
79,Puerto Ayora,EC,-0.7393,-90.3518,85.96,76,45,11.61,light rain
80,Batyrevo,RU,55.0675,47.6111,33.28,90,100,11.74,overcast clouds
81,Aykhal,RU,66.0,111.5,3.76,97,100,8.43,overcast clouds
82,Batangafo,CF,7.3008,18.2833,80.56,61,94,11.1,overcast clouds
83,Yamada,JP,39.4667,141.95,44.22,90,100,5.35,overcast clouds
84,Khandyga,RU,62.6667,135.6,1.13,97,98,3.6,overcast clouds
85,Arraial Do Cabo,BR,-22.9661,-42.0278,82.36,74,40,12.66,scattered clouds
86,Inhambane,MZ,-23.865,35.3833,76.98,94,20,4.61,few clouds
87,Lagoa,PT,39.05,-27.9833,58.95,82,0,19.17,clear sky
88,Constitucion,CL,-35.3333,-72.4167,62.78,44,0,22.1,clear sky
89,Faanui,PF,-16.4833,-151.75,81.82,75,71,10.51,broken clouds
90,Miyako,JP,39.6367,141.9525,43.88,88,100,6.06,overcast clouds
91,Bathsheba,BB,13.2167,-59.5167,84.81,58,20,19.57,few clouds
92,Kaitangata,NZ,-46.2817,169.8464,47.16,94,92,5.17,overcast clouds
93,Portland,US,45.5234,-122.6762,55.63,67,100,9.22,overcast clouds
94,Mabaruma,GY,8.2,-59.7833,82.17,65,100,7.61,overcast clouds
95,Ilulissat,GL,69.2167,-51.1,30.22,74,75,4.61,broken clouds
96,Ponta Do Sol,PT,32.6667,-17.1,61.43,71,100,15.35,overcast clouds
97,Clyde River,CA,70.4692,-68.5914,12.43,85,75,8.05,broken clouds
98,Leningradskiy,RU,69.3833,178.4167,-17.82,100,95,2.51,overcast clouds
99,Teya,RU,60.3778,92.6267,-1.37,100,75,3.8,broken clouds
100,Mokhsogollokh,RU,61.4681,128.9203,7.29,98,100,2.19,overcast clouds
101,Tezu,IN,27.9167,96.1667,66.15,96,100,4.65,light rain
102,Morgaushi,RU,55.9643,46.7743,32.16,96,100,9.86,overcast clouds
103,Chake Chake,TZ,-5.2459,39.7666,80.26,79,57,6.15,broken clouds
104,Roald,NO,62.5833,6.1333,38.75,93,75,3.44,light shower snow
105,Bairiki,KI,1.3292,172.9752,80.6,78,40,6.91,scattered clouds
106,Bowen,AU,-20.0167,148.2333,77.97,80,40,7.23,scattered clouds
107,Elat,IL,29.5581,34.9482,80.44,12,0,18.41,clear sky
108,San Ramon,US,37.7799,-121.978,79.02,39,0,9.22,clear sky
109,Saint-Augustin,CA,51.226,-58.6502,36.39,91,74,15.19,broken clouds
110,Cidreira,BR,-30.1811,-50.2056,69.98,95,100,19.13,moderate rain
111,Stephenville Crossing,CA,48.5,-58.4318,36.21,86,75,18.41,broken clouds
112,Xingyi,CN,24.1877,102.817,45.61,80,4,2.48,clear sky
113,Kodiak,US,57.79,-152.4072,36.91,65,100,11.5,overcast clouds
114,Upernavik,GL,72.7868,-56.1549,18.46,86,46,3.96,scattered clouds
115,Arman,RU,59.7,150.1667,4.05,91,20,6.51,few clouds
116,East London,ZA,-33.0153,27.9116,72.39,89,100,15.41,overcast clouds
117,Qaanaaq,GL,77.484,-69.3632,14.67,75,92,6.04,overcast clouds
118,Den Helder,NL,52.9599,4.7593,42.78,75,75,13.0,broken clouds
119,Barrow,US,71.2906,-156.7887,-7.58,71,40,16.11,mist
120,Tshikapa,CD,-6.4167,20.8,73.02,90,26,3.2,light rain
121,Bilibino,RU,68.0546,166.4372,-7.46,95,49,4.34,scattered clouds
122,Cuiaba,BR,-15.5961,-56.0967,89.53,55,20,5.75,few clouds
123,Georgetown,MY,5.4112,100.3354,78.73,93,20,3.44,few clouds
124,Maldonado,UY,-34.6667,-54.9167,74.59,56,70,12.86,broken clouds
125,Tamiahua,MX,21.2667,-97.45,83.01,61,98,12.01,overcast clouds
126,Cherskiy,RU,68.75,161.3,-2.67,98,100,3.6,overcast clouds
127,Murray Bridge,AU,-35.1167,139.2667,54.12,93,5,2.95,clear sky
128,Thompson,CA,55.7435,-97.8558,37.56,48,100,11.5,overcast clouds
129,Klaksvik,FO,62.2266,-6.589,45.52,98,100,17.2,overcast clouds
130,Oum Hadjer,TD,13.2954,19.6966,91.18,8,81,11.1,broken clouds
131,Cape Town,ZA,-33.9258,18.4232,65.12,81,0,13.8,clear sky
132,Atambua,ID,-9.1061,124.8925,71.01,85,22,2.66,few clouds
133,The Valley,AI,18.217,-63.0578,84.06,61,20,14.97,few clouds
134,Hasaki,JP,35.7333,140.8333,48.29,75,98,21.16,light rain
135,Hutang,CN,31.5333,119.4833,44.06,81,88,7.09,overcast clouds
136,Bumba,CD,2.1833,22.4667,74.37,77,30,1.25,scattered clouds
137,Bacolod,PH,10.6667,122.95,78.15,84,98,11.52,overcast clouds
138,Lahore,PK,31.5497,74.3436,80.58,41,0,8.05,haze
139,Marsh Harbour,BS,26.5412,-77.0636,78.13,71,55,13.69,broken clouds
140,Chapais,CA,49.7834,-74.8492,38.98,85,100,5.99,overcast clouds
141,Kapaa,US,22.0752,-159.319,77.18,77,40,20.71,scattered clouds
142,Sitka,US,57.0531,-135.33,39.09,87,100,17.27,moderate rain
143,Saint-Philippe,RE,-21.3585,55.7679,74.79,91,100,13.73,heavy intensity rain
144,Gizycko,PL,54.0381,21.7644,28.24,68,45,6.51,scattered clouds
145,Port Blair,IN,11.6667,92.75,82.44,78,40,5.75,mist
146,Lebu,CL,-37.6167,-73.65,56.89,63,0,18.63,clear sky
147,Olean,US,42.0776,-78.4297,36.66,80,100,6.91,light snow
148,Pevek,RU,69.7008,170.3133,-19.73,96,24,2.28,few clouds
149,Komsomolskiy,UZ,40.4272,71.7189,57.92,62,100,6.91,overcast clouds
150,Tura,IN,25.5198,90.2201,69.84,94,11,6.31,moderate rain
151,Zhigansk,RU,66.7697,123.3711,2.03,98,98,9.1,overcast clouds
152,Tiksi,RU,71.6872,128.8694,4.77,98,100,8.01,overcast clouds
153,Namibe,AO,-15.1961,12.1522,70.88,80,100,8.79,overcast clouds
154,Vila Do Maio,CV,15.1333,-23.2167,74.19,75,52,15.86,broken clouds
155,Mayo,US,38.8876,-76.5119,58.39,44,75,17.27,broken clouds
156,Mataura,NZ,-46.1927,168.8643,46.13,95,98,2.01,overcast clouds
157,Ponta Delgada,PT,37.7333,-25.6667,61.52,67,20,13.8,few clouds
158,Vardo,NO,70.3705,31.1107,26.58,93,75,10.36,light shower snow
159,Watrous,CA,51.6668,-105.4679,40.78,70,31,6.91,scattered clouds
160,Alice Springs,AU,-23.7,133.8833,51.35,54,0,0.0,clear sky
161,Linhares,BR,-19.3911,-40.0722,80.28,70,14,7.85,few clouds
162,Husavik,IS,66.0449,-17.3389,29.77,95,100,11.99,snow
163,Omboue,GA,-1.5746,9.2618,78.1,87,77,4.85,broken clouds
164,Dharampur,IN,20.5333,73.1833,77.31,73,0,3.31,clear sky
165,Narsaq,GL,60.9167,-46.05,46.62,76,100,4.41,overcast clouds
166,La Ronge,CA,55.1001,-105.2842,41.22,48,20,6.91,few clouds
167,Vao,NC,-22.6667,167.4833,79.11,87,88,19.28,overcast clouds
168,Laguna,US,38.421,-121.4238,78.78,24,0,9.22,clear sky
169,Sun Valley,US,39.5963,-119.776,65.3,18,20,5.01,few clouds
170,Port Lincoln,AU,-34.7333,135.8667,58.87,83,0,3.38,clear sky
171,Brufut,GM,13.3814,-16.7518,67.68,86,91,20.49,overcast clouds
172,Ostrovnoy,RU,68.0531,39.5131,15.84,92,100,6.58,overcast clouds
173,Usinsk,RU,65.9939,57.5281,19.71,85,100,12.08,overcast clouds
174,Almaznyy,RU,48.0448,40.045,47.19,81,100,21.3,overcast clouds
175,Kjollefjord,NO,70.9457,27.3465,26.65,67,91,9.73,overcast clouds
176,Mareeba,AU,-17.0,145.4333,70.52,93,14,1.34,few clouds
177,Guerrero Negro,MX,27.9769,-114.0611,65.97,53,31,14.65,scattered clouds
178,Poum,NC,-20.2333,164.0167,81.99,82,100,17.81,overcast clouds
179,Najran,SA,17.4924,44.1277,72.25,15,10,0.92,clear sky
180,Gushikawa,JP,26.3544,127.8686,63.63,80,40,9.22,scattered clouds
181,Dire Dawa,ET,9.5931,41.8661,75.78,50,93,4.12,overcast clouds
182,Labuan,MY,5.2767,115.2417,79.16,94,20,0.0,few clouds
183,Pisco,PE,-13.7,-76.2167,73.45,64,0,18.41,clear sky
184,Trabzon,TR,40.9167,39.8333,48.29,66,0,11.5,clear sky
185,Coihaique,CL,-45.5752,-72.0662,53.55,58,75,8.05,light intensity shower rain
186,Villa Maria,AR,-32.4075,-63.2402,71.82,44,0,18.07,clear sky
187,Chau Doc,VN,10.7,105.1167,74.57,73,99,9.62,overcast clouds
188,Broome,US,42.2506,-75.833,40.68,80,100,16.11,overcast clouds
189,Sistranda,NO,63.7256,8.834,31.96,83,100,8.46,light snow
190,Riverton,US,40.5219,-111.9391,61.45,22,0,5.01,clear sky
191,Conner,PH,17.7964,121.3275,72.54,98,100,3.51,overcast clouds
192,Quatre Cocos,MU,-20.2078,57.7625,80.1,79,21,13.09,few clouds
193,Sisimiut,GL,66.9395,-53.6735,34.07,89,14,4.21,few clouds
194,Acarau,BR,-2.8856,-40.12,79.95,84,23,12.37,moderate rain
195,Vestmannaeyjar,IS,63.4427,-20.2734,42.98,81,100,18.9,overcast clouds
196,Praia Da Vitoria,PT,38.7333,-27.0667,62.76,82,20,15.68,few clouds
197,Mikuni,JP,36.2171,136.1519,48.11,86,10,5.79,clear sky
198,Provideniya,RU,64.3833,-173.3,2.8,74,0,11.5,clear sky
199,Cabra,ES,37.4725,-4.4421,45.99,73,100,3.85,overcast clouds
200,Codrington,AU,-38.2667,141.9667,58.39,85,100,5.39,overcast clouds
201,Sungaipenuh,ID,-2.0833,101.3833,62.02,90,87,1.95,overcast clouds
202,Loikaw,MM,19.6742,97.2094,66.94,67,81,2.86,broken clouds
203,Montrose,US,38.4166,-108.2673,47.44,56,100,4.34,overcast clouds
204,Kushmurun,KZ,52.4503,64.6311,37.02,97,100,15.82,overcast clouds
205,Tarakan,ID,3.3,117.6333,78.84,83,100,2.21,overcast clouds
206,Ihosy,MG,-22.4,46.1167,64.81,96,1,5.19,clear sky
207,Faya,SA,18.3851,42.4509,66.31,26,85,3.67,overcast clouds
208,Luanda,AO,-8.8368,13.2343,80.6,74,75,10.36,broken clouds
209,Kenai,US,60.5544,-151.2583,39.02,59,0,11.5,clear sky
210,Honningsvag,NO,70.9821,25.9704,26.35,80,75,16.11,broken clouds
211,Ajdabiya,LY,30.7554,20.2263,78.64,14,2,10.74,clear sky
212,Namatanai,PG,-3.6667,152.4333,78.37,85,100,2.39,light rain
213,Yulara,AU,-25.2406,130.9889,57.04,35,0,4.61,clear sky
214,Longyearbyen,SJ,78.2186,15.6401,6.64,56,20,18.41,few clouds
215,Ancud,CL,-41.8697,-73.8203,50.23,67,81,8.99,broken clouds
216,Kumluca,TR,36.3703,30.2869,62.67,54,7,3.44,clear sky
217,Seoul,KR,37.5683,126.9778,40.44,84,0,3.44,mist
218,Khorol,UA,49.7837,33.2783,34.39,96,100,9.95,light snow
219,Lavrentiya,RU,65.5833,-171.0,-8.03,89,22,11.16,few clouds
220,Dikson,RU,73.5069,80.5464,-2.94,100,45,9.19,scattered clouds
221,Kahului,US,20.8947,-156.47,78.96,66,40,25.32,scattered clouds
222,Miranda,CO,3.2499,-76.2281,84.65,68,93,1.43,light rain
223,Moncton,CA,46.1159,-64.8019,49.05,40,75,9.22,broken clouds
224,Hovd,MN,48.0056,91.6419,40.64,36,99,6.62,overcast clouds
225,Santa Rosa,PH,14.3122,121.1114,80.02,74,86,10.38,overcast clouds
226,Yertsevo,RU,60.7966,40.086,11.64,96,16,3.83,few clouds
227,San Jeronimo,PE,-11.9472,-75.2829,59.7,59,84,3.42,broken clouds
228,Cabo San Lucas,MX,22.8909,-109.9124,77.61,57,0,10.36,clear sky
229,Chokurdakh,RU,70.6333,147.9167,-21.78,100,81,2.57,broken clouds
230,Kaabong,UG,3.4836,34.1492,73.62,43,76,14.34,broken clouds
231,Muros,ES,42.7762,-9.0603,49.08,52,0,19.69,clear sky
232,Torbay,CA,47.6666,-52.7314,41.77,71,20,35.68,few clouds
233,Necochea,AR,-38.5473,-58.7368,55.35,66,100,24.38,overcast clouds
234,Cockburn Town,TC,21.4612,-71.1419,82.36,69,40,17.27,scattered clouds
235,Avera,US,33.194,-82.5271,75.54,28,0,11.23,clear sky
236,Salalah,OM,17.0151,54.0924,78.44,63,1,2.62,clear sky
237,Coquimbo,CL,-29.9533,-71.3436,62.33,72,0,12.66,clear sky
238,Karratha,AU,-20.7377,116.8463,80.78,71,0,10.69,clear sky
239,Atar,MR,20.5169,-13.0499,77.85,16,0,9.86,clear sky
240,Tigre,AR,-34.426,-58.5796,73.54,82,100,5.06,overcast clouds
241,Saint Anthony,US,45.0205,-93.218,43.25,69,100,8.05,snow
242,Esperance,AU,-33.8667,121.9,62.44,92,100,7.54,light rain
243,Atasu,KZ,48.6814,71.6433,37.11,71,100,5.44,overcast clouds
244,Morant Bay,JM,17.8815,-76.4093,87.71,67,4,11.45,clear sky
245,Talnakh,RU,69.4865,88.3972,-0.22,98,86,5.95,overcast clouds
246,Baherden,TM,38.4362,57.4316,78.35,18,0,6.06,clear sky
247,Ilheus,BR,-14.7889,-39.0494,85.82,70,20,13.8,few clouds
248,Nchelenge,ZM,-9.3451,28.734,71.15,85,100,3.36,overcast clouds
249,Xinxiang,CN,35.3089,113.8672,49.26,75,100,2.93,overcast clouds
250,Ekhabi,RU,53.5102,142.9671,31.41,84,96,10.25,overcast clouds
251,Nikolskoye,RU,59.7035,30.7861,29.71,96,35,2.95,scattered clouds
252,Jalingo,NG,8.8833,11.3667,87.93,26,100,1.52,overcast clouds
253,Axim,GH,4.8699,-2.2405,81.97,86,100,10.85,overcast clouds
254,Bad Liebenwerda,DE,51.5167,13.4,38.88,70,96,12.66,overcast clouds
255,Nkayi,CG,-4.1841,13.2884,76.41,87,51,0.81,broken clouds
256,Shalinskoye,RU,55.7228,93.7594,21.56,98,100,1.59,overcast clouds
257,Bucerias,MX,20.75,-105.3333,82.15,53,5,9.33,clear sky
258,Russell,US,32.3502,-85.1999,75.06,35,0,12.66,clear sky
259,Halifax,CA,44.6453,-63.5724,51.69,55,100,13.8,overcast clouds
260,Tsabong,BW,-26.0217,22.401,71.2,60,22,17.18,few clouds
261,Sao Joao Da Barra,BR,-21.6403,-41.0511,78.89,82,14,11.12,few clouds
262,Vuktyl,RU,63.8567,57.3094,23.72,90,100,14.92,snow
263,Batemans Bay,AU,-35.7167,150.1833,63.1,62,100,6.31,light rain
264,Petropavlovsk-Kamchatskiy,RU,53.0452,158.6483,23.59,58,0,13.42,clear sky
265,Hokitika,NZ,-42.7167,170.9667,54.84,77,2,3.89,clear sky
266,Caravelas,BR,-17.7125,-39.2481,80.02,68,0,6.64,clear sky
267,Oussouye,SN,12.485,-16.5469,77.18,70,100,14.47,overcast clouds
268,Antofagasta,CL,-23.65,-70.4,65.48,68,11,9.17,few clouds
269,Fare,PF,-16.7,-151.0167,81.75,75,57,11.07,broken clouds
270,Lata,PT,40.1629,-8.3327,54.81,46,1,4.81,clear sky
271,Jumla,NP,29.2747,82.1838,46.09,49,28,4.36,scattered clouds
272,Chase,CA,50.8165,-119.6857,56.32,54,83,6.17,broken clouds
273,Kununurra,AU,-15.7667,128.7333,67.98,88,29,0.0,scattered clouds
274,Mandera,KE,3.9366,41.867,92.57,23,28,12.97,scattered clouds
275,Santa Vitoria Do Palmar,BR,-33.5189,-53.3681,70.97,70,100,10.8,moderate rain
276,Vanimo,PG,-2.6741,141.3028,77.31,87,100,2.48,overcast clouds
277,Iquitos,PE,-3.7481,-73.2472,78.84,73,75,1.14,broken clouds
278,Rorvik,NO,64.8621,11.2373,26.71,80,40,1.14,scattered clouds
279,Pangnirtung,CA,66.1451,-65.7125,23.0,86,100,3.44,overcast clouds
280,Muravlenko,RU,63.7898,74.523,17.29,89,100,16.71,overcast clouds
281,Smolenskoye,RU,52.3044,85.0781,30.09,94,77,3.83,broken clouds
282,Ondjiva,AO,-17.0667,15.7333,67.39,88,96,6.55,light rain
283,Bonavista,CA,48.6499,-53.1147,36.57,85,100,13.51,overcast clouds
284,Talara,PE,-4.5772,-81.2719,86.76,48,0,16.11,clear sky
285,Valle De Allende,MX,26.9333,-105.4,83.01,5,6,3.29,clear sky
286,Saldanha,ZA,-33.0117,17.9442,59.05,80,0,3.85,clear sky
287,Moshupa,BW,-24.7782,25.4155,62.53,89,100,5.35,moderate rain
288,Holeby,DK,54.7115,11.4642,41.09,84,67,20.98,light rain
289,Palmer,US,42.1584,-72.3287,50.47,63,100,11.5,overcast clouds
290,Tiznit,MA,29.5833,-9.5,58.93,59,50,4.0,scattered clouds
291,La Rioja,ES,42.25,-2.5,31.78,91,15,3.96,few clouds
292,Darapidap,PH,17.2131,120.4114,83.01,76,100,5.88,overcast clouds
293,Qaqortoq,GL,60.7167,-46.0333,41.94,74,100,2.24,overcast clouds
294,Pocatello,US,42.8713,-112.4455,56.01,25,0,6.91,clear sky
295,Vallenar,CL,-28.5708,-70.7581,82.26,23,0,8.86,clear sky
296,Tucuma,BR,-0.1833,-50.05,80.08,86,89,6.78,light rain
297,Sola,VU,-13.8833,167.55,79.29,72,100,9.6,overcast clouds
298,Bengkulu,ID,-3.8004,102.2655,76.93,82,100,4.61,overcast clouds
299,Drayton Valley,CA,53.2168,-114.9854,49.12,36,66,8.34,broken clouds
300,Saurimo,AO,-9.6608,20.3916,66.06,96,100,3.76,overcast clouds
301,Ketchikan,US,55.3422,-131.6461,44.58,75,100,17.27,light rain
302,Lompoc,US,34.6391,-120.4579,68.68,78,100,5.99,overcast clouds
303,Berbera,SO,10.4396,45.0143,84.13,59,5,2.44,clear sky
304,Katsuura,JP,35.1333,140.3,48.22,87,100,18.01,moderate rain
305,Tucupita,VE,9.0622,-62.051,83.7,57,97,7.34,overcast clouds
306,Hauterive,FR,46.0901,3.4459,38.16,94,87,2.95,overcast clouds
307,Qostanay,KZ,53.1667,63.5833,39.74,84,100,13.18,overcast clouds
308,Haines Junction,CA,60.7522,-137.5108,33.75,64,100,0.0,overcast clouds
309,Touros,BR,-5.1989,-35.4608,79.02,85,99,11.7,overcast clouds
310,Gazojak,TM,41.1875,61.4036,67.93,19,0,11.97,clear sky
311,Norman Wells,CA,65.282,-126.8329,-3.96,54,75,4.61,broken clouds
312,Batagay-Alyta,RU,67.8006,130.4114,-3.5,100,97,3.29,overcast clouds
313,Raudeberg,NO,61.9875,5.1352,34.47,92,100,4.72,light snow
314,Olafsvik,IS,64.8945,-23.7142,36.0,93,100,17.45,overcast clouds
315,Broken Hill,AU,-31.95,141.4333,49.71,76,0,0.0,clear sky
316,Yarada,IN,17.65,83.2667,82.72,83,20,8.05,mist
317,Ati,TD,13.2154,18.3353,90.86,8,100,9.17,overcast clouds
318,Port Macquarie,AU,-31.4333,152.9167,61.9,87,100,9.84,overcast clouds
319,Ostersund,SE,63.1792,14.6357,27.61,80,0,8.05,clear sky
320,Zyryanka,RU,65.75,150.85,-21.71,100,67,1.86,broken clouds
321,Kijang,KR,35.2442,129.2139,44.33,64,0,4.03,clear sky
322,Fairbanks,US,64.8378,-147.7164,23.02,63,40,3.44,scattered clouds
323,Saint Johnsbury,US,44.4192,-72.0151,49.05,43,0,3.44,clear sky
324,Ola,RU,59.5833,151.2833,4.6,94,37,5.3,scattered clouds
325,Dingle,PH,10.9995,122.6711,75.43,86,100,6.98,overcast clouds
326,Kavaratti,IN,10.5669,72.642,82.31,72,71,7.0,broken clouds
327,Eenhana,NA,-17.4667,16.3333,67.48,88,100,6.82,light rain
328,Port-Gentil,GA,-0.7193,8.7815,81.12,80,30,7.4,scattered clouds
329,La Asuncion,VE,11.0333,-63.8628,85.73,58,3,23.02,clear sky
330,Tarrega,ES,41.647,1.1396,41.49,88,26,8.32,scattered clouds
331,Buala,SB,-8.145,159.5921,78.28,83,100,4.5,overcast clouds
332,Meulaboh,ID,4.1363,96.1285,74.25,84,100,3.09,overcast clouds
333,Meadow Lake,US,34.8014,-106.5436,73.83,16,69,12.95,broken clouds
334,Moscow,RU,55.7522,37.6156,32.18,93,100,4.85,overcast clouds
335,Marsa Matruh,EG,31.3525,27.2453,62.8,72,0,8.05,clear sky
336,Great Bend,US,38.3645,-98.7648,66.85,50,75,17.27,broken clouds
337,Bose,IT,45.4612,8.0137,44.19,83,45,3.22,scattered clouds
338,Carutapera,BR,-1.195,-46.02,79.02,88,100,6.93,heavy intensity rain
339,Seydi,TM,39.4816,62.9137,69.69,22,0,11.3,clear sky
340,Rocha,UY,-34.4833,-54.3333,71.31,66,96,9.37,overcast clouds
341,Fortuna,US,40.5982,-124.1573,57.92,69,20,10.36,few clouds
342,Tiarei,PF,-17.5333,-149.3333,84.22,76,32,12.71,light rain
343,Newport,GB,51.5877,-2.9984,46.26,70,100,11.63,overcast clouds
344,Oranjestad,AW,12.524,-70.027,84.15,70,75,21.85,broken clouds
345,Gamba,GA,-2.65,10.0,77.54,94,100,3.89,overcast clouds
346,Cam Ranh,VN,11.9214,109.1591,76.96,69,75,9.22,broken clouds
347,Carnaiba,BR,-8.7,-37.6667,83.46,55,87,19.69,overcast clouds
348,Butembo,CD,0.15,29.2833,58.66,95,16,2.01,light rain
349,Khowai,IN,24.1,91.6333,75.51,93,22,8.21,few clouds
350,Dudinka,RU,69.4058,86.1778,-13.09,100,92,5.64,overcast clouds
351,Lorengau,PG,-2.0226,147.2712,80.06,77,100,0.92,overcast clouds
352,Hamilton,US,39.1834,-84.5333,57.76,48,40,4.61,scattered clouds
353,Ijero,NG,6.4819,3.3803,84.43,79,20,9.22,few clouds
354,Rio Gallegos,AR,-51.6226,-69.2181,53.65,28,40,33.38,scattered clouds
355,Camana,PE,-16.6228,-72.7111,72.27,74,52,9.19,broken clouds
356,Camargo,MX,27.6667,-105.1667,85.51,7,18,5.44,few clouds
357,Andros Town,BS,24.7,-77.7667,85.96,72,91,7.11,overcast clouds
358,Trairi,BR,-3.2778,-39.2689,78.3,90,36,8.75,scattered clouds
359,El Alto,PE,-4.2714,-81.2147,83.86,69,57,16.42,broken clouds
360,Santiago Del Estero,AR,-27.7951,-64.2615,83.26,33,0,2.37,clear sky
361,Urmary,RU,55.6789,47.944,31.93,93,100,12.48,overcast clouds
362,Kavieng,PG,-2.5744,150.7967,80.69,78,100,4.63,light rain
363,Kostomuksha,RU,64.571,30.5767,18.59,97,100,4.36,overcast clouds
364,Ndele,CF,8.4109,20.6473,82.76,49,99,8.55,overcast clouds
365,Luwuk,ID,-0.9516,122.7875,77.88,88,100,2.3,overcast clouds
366,Yeppoon,AU,-23.1333,150.7333,69.58,75,64,8.57,broken clouds
367,Nemuro,JP,43.3236,145.575,35.28,82,0,14.72,clear sky
368,Igrim,RU,63.1906,64.4162,26.71,96,100,13.4,snow
369,Chumikan,RU,54.7183,135.315,26.17,96,100,13.2,light snow
370,Los Llanos De Aridane,ES,28.6585,-17.9182,60.55,96,40,8.99,scattered clouds
371,Mulchen,CL,-37.7167,-72.2333,62.46,27,6,9.31,clear sky
372,Sao Filipe,CV,14.8961,-24.4956,71.13,76,4,9.53,clear sky
373,Villazon,BO,-22.0866,-65.5942,63.55,11,9,3.56,clear sky
374,Qui Nhon,VN,13.7667,109.2333,71.37,85,100,17.45,overcast clouds
375,Iqaluit,CA,63.7506,-68.5145,26.33,86,75,23.02,broken clouds
376,Santa Catarina De Tepehuanes,MX,25.35,-105.7333,82.24,6,0,20.31,clear sky
377,Kirakira,SB,-10.4544,161.9205,80.71,83,100,10.67,overcast clouds
378,Paracuru,BR,-3.41,-39.0306,83.1,87,55,10.11,broken clouds
379,Umarizal,BR,-5.9906,-37.8144,83.77,59,100,8.57,overcast clouds
380,Ixtapa,MX,20.7,-105.2,88.18,38,3,8.77,clear sky
381,Gat,IL,31.61,34.7642,72.39,50,100,6.15,overcast clouds
382,Suntar,RU,62.1444,117.6319,-1.61,100,77,3.31,broken clouds
383,Tambilil,PH,5.9622,124.6697,78.31,84,100,3.56,overcast clouds
384,Morehead,US,37.2711,-87.1764,61.79,34,0,9.22,clear sky
385,Macea,RO,46.3833,21.3,37.78,98,95,4.81,overcast clouds
386,Areka,ET,7.0667,37.7,66.02,56,99,3.4,overcast clouds
387,Hobyo,SO,5.3505,48.5268,81.61,74,25,9.95,scattered clouds
388,Dawlatabad,AF,36.4141,64.9053,64.56,32,6,2.24,clear sky
389,Sakakah,SA,29.9697,40.2064,78.37,11,6,8.41,clear sky
390,Brae,GB,60.3964,-1.353,46.72,96,100,21.43,overcast clouds
391,Forestville,US,38.8451,-76.875,56.52,43,20,18.41,few clouds
392,Beni,CD,0.5,29.4667,63.46,98,30,3.04,light rain
393,Parrita,CR,9.5201,-84.3225,87.06,63,58,7.47,broken clouds
394,Luangwa,ZM,-15.6167,30.4167,74.07,85,8,1.39,clear sky
395,Sao Caetano De Odivelas,BR,-0.75,-48.02,79.7,87,100,7.92,heavy intensity rain
396,Guangyuan,CN,32.442,105.823,55.96,83,100,1.41,moderate rain
397,Nueva Guinea,NI,11.6876,-84.4562,89.83,41,69,12.82,broken clouds
398,College,US,64.8569,-147.8028,23.0,63,75,3.44,broken clouds
399,Pokhara,NP,28.2333,83.9833,66.92,70,57,5.01,broken clouds
400,Makaha,US,21.4694,-158.2175,79.56,60,20,0.0,few clouds
401,Causapscal,CA,48.3542,-67.227,31.84,81,96,9.26,overcast clouds
402,Chillicothe,US,39.3331,-82.9824,51.26,47,100,11.5,overcast clouds
403,Kirkwall,GB,58.9848,-2.9587,48.25,93,100,27.63,moderate rain
404,San Policarpo,PH,12.1791,125.5072,79.18,85,89,12.8,overcast clouds
405,Nelson Bay,AU,-32.7167,152.15,63.0,90,98,5.79,overcast clouds
406,Constantine,DZ,36.365,6.6147,47.61,76,75,10.36,broken clouds
407,Souillac,MU,-20.5167,57.5167,79.18,83,75,11.5,broken clouds
408,Mnogovershinnyy,RU,53.9353,139.9242,26.78,92,95,4.72,overcast clouds
409,Glamoc,BA,44.0458,16.8486,27.86,87,13,3.31,few clouds
410,Aklavik,CA,68.2191,-135.0107,-9.4,59,40,9.22,scattered clouds
411,Bogovarovo,RU,58.9785,47.0246,27.03,88,100,9.95,overcast clouds
412,Opuwo,NA,-18.0607,13.84,69.35,63,73,8.43,broken clouds
413,Kalmunai,LK,7.4167,81.8167,78.73,81,2,3.87,clear sky
414,Port Hedland,AU,-20.3167,118.5667,78.85,78,0,8.05,clear sky
415,Jejuri,IN,18.2833,74.1667,81.86,43,95,9.13,overcast clouds
416,Mangai,CD,-4.05,19.5333,73.15,89,91,1.3,light rain
417,Marechal Candido Rondon,BR,-24.5561,-54.0567,78.71,67,82,6.98,broken clouds
418,Leeton,AU,-34.5667,146.4,56.89,87,10,0.0,clear sky
419,Bacungan,PH,9.9106,118.7022,78.08,83,100,4.65,overcast clouds
420,Staryy Nadym,RU,65.6118,72.6842,13.44,90,100,14.52,overcast clouds
421,Jalu,LY,29.0331,21.5482,78.8,13,9,11.14,clear sky
422,Celle,DE,52.6226,10.0805,39.34,83,40,5.75,scattered clouds
423,Shenjiamen,CN,29.9576,122.298,50.4,63,34,6.26,scattered clouds
424,Korla,CN,41.7597,86.1469,57.02,23,0,3.51,clear sky
425,Mahebourg,MU,-20.4081,57.7,80.26,83,75,11.5,broken clouds
426,Marabba,SD,12.35,32.1833,95.16,14,57,7.78,broken clouds
427,Christchurch,NZ,-43.5333,172.6333,60.94,86,100,2.3,overcast clouds
428,Agadir,MA,30.4202,-9.5982,63.05,72,62,3.58,broken clouds
429,Kailua,US,21.4022,-157.7394,80.58,65,80,7.0,broken clouds
430,Ilihan,PH,13.6256,121.0753,78.1,82,39,11.34,scattered clouds
431,Adrar,MR,20.5022,-10.0711,82.63,11,0,11.05,clear sky
432,Teguise,ES,29.0605,-13.564,62.82,88,75,16.11,broken clouds
433,Staroye Drozhzhanoye,RU,54.7266,47.5677,31.95,91,97,11.25,overcast clouds
434,Maragogi,BR,-9.0122,-35.2225,79.86,80,37,9.84,scattered clouds
435,Camacha,PT,33.0833,-16.3333,58.42,67,75,25.32,broken clouds
436,Waingapu,ID,-9.6567,120.2641,76.17,84,16,4.25,few clouds
437,Albacete,ES,38.8333,-2.0,43.18,49,0,11.5,clear sky
438,Beroroha,MG,-21.6667,45.1667,75.97,55,43,1.88,scattered clouds
439,Moba,CN,33.2288,105.0179,42.8,86,100,4.36,overcast clouds
440,Severnoye,RU,56.3491,78.3619,32.86,99,100,8.21,overcast clouds
441,Amga,RU,60.8953,131.9608,0.86,100,100,1.28,overcast clouds
442,Jerusalem,IL,31.769,35.2163,64.71,30,100,5.01,overcast clouds
443,Maceio,BR,-9.6658,-35.7353,83.64,69,75,12.66,broken clouds
444,Sivas,TR,39.7916,37.0019,48.13,53,100,5.35,overcast clouds
445,Myitkyina,MM,25.3833,97.4,65.61,94,73,1.14,broken clouds
446,Puerto Escondido,MX,15.85,-97.0667,87.17,48,4,8.77,clear sky
447,Alappuzha,IN,9.49,76.3264,80.37,83,9,2.98,clear sky
448,Bodden Town,KY,19.2833,-81.25,86.0,74,20,11.5,few clouds
449,Saint George,US,37.1041,-113.5841,75.63,21,0,4.0,clear sky
450,Erdemli,TR,36.605,34.3084,63.03,73,69,8.03,broken clouds
451,Malakal,SS,9.5334,31.6605,89.89,36,91,4.5,overcast clouds
452,Qasigiannguit,GL,68.8193,-51.1922,29.35,91,21,6.4,few clouds
453,Kihei,US,20.785,-156.4656,77.97,81,19,7.2,few clouds
454,Nanortalik,GL,60.1432,-45.2371,37.85,80,98,5.39,overcast clouds
455,Mwense,ZM,-10.3845,28.698,67.59,93,27,1.77,scattered clouds
456,Farap,TM,39.1704,63.6116,68.0,28,0,13.8,clear sky
457,Strezhevoy,RU,60.7333,77.5889,25.0,92,100,12.59,overcast clouds
458,Ocos,GT,14.5094,-92.1933,85.75,62,0,13.6,clear sky
459,Ilhabela,BR,-23.7781,-45.3581,77.23,83,25,8.12,scattered clouds
460,Pascagoula,US,30.3658,-88.5561,82.42,42,0,4.03,clear sky
461,San Vicente,AR,-26.6167,-54.1333,76.77,65,100,3.53,overcast clouds
462,Lahij,YE,13.1667,44.5833,79.21,37,2,3.6,clear sky
463,Hambantota,LK,6.1241,81.1185,78.1,83,14,1.81,few clouds
464,Ust-Kishert,RU,57.3654,57.2495,39.04,100,100,12.21,overcast clouds
465,Krasnoturansk,RU,54.3186,91.5639,26.42,98,100,3.42,overcast clouds
466,Port Hardy,CA,50.6996,-127.4199,42.98,87,100,3.44,light intensity shower rain
467,Parkes,AU,-33.1333,148.1833,55.35,76,100,2.75,overcast clouds
468,Pucara,PE,-15.9803,-71.4606,46.53,66,99,11.12,overcast clouds
469,Tocopilla,CL,-22.092,-70.1979,70.93,62,20,8.37,few clouds
470,Doha,QA,25.2867,51.5333,76.98,19,0,6.91,clear sky
471,Pacific Grove,US,36.6177,-121.9166,65.21,77,20,12.66,few clouds
472,Limbdi,IN,22.5667,71.8,85.59,36,1,14.14,clear sky
473,Eyl,SO,7.9803,49.8164,78.6,78,5,9.93,clear sky
474,Linhai,CN,28.85,121.1167,45.93,72,5,10.0,clear sky
475,Nantucket,US,41.2835,-70.0995,47.08,84,100,8.05,overcast clouds
476,Saginaw,US,43.3334,-84.0333,43.72,70,100,10.36,overcast clouds
477,Anadyr,RU,64.75,177.4833,-8.9,77,0,4.47,clear sky
478,Balkanabat,TM,39.5108,54.3671,75.47,17,0,2.28,clear sky
479,Salinas,US,36.6777,-121.6555,75.99,64,0,8.7,clear sky
480,Darab,IR,28.7519,54.5444,70.5,15,0,5.44,clear sky
481,Hay River,CA,60.8156,-115.7999,35.58,44,40,14.97,scattered clouds
482,Monterey,US,36.2505,-121.2516,73.18,21,4,14.54,clear sky
483,Bambanglipuro,ID,-7.95,110.2833,76.06,87,100,4.27,overcast clouds
484,Zulpich,DE,50.7,6.65,40.86,65,75,5.75,broken clouds
485,Kefamenanu,ID,-9.4467,124.4781,68.41,90,11,2.33,few clouds
486,North Platte,US,41.1239,-100.7654,60.12,21,100,21.99,overcast clouds
487,Muhos,FI,64.808,25.9931,11.98,99,65,1.74,broken clouds
488,Preobrazheniye,RU,42.9019,133.9064,36.84,86,5,7.07,clear sky
489,Kapit,MY,2.0167,112.9333,72.09,100,100,1.16,overcast clouds
490,Puerto Leguizamo,CO,-0.1934,-74.7819,84.78,63,99,2.57,overcast clouds
491,Itarema,BR,-2.9248,-39.9167,79.29,87,19,11.34,heavy intensity rain
492,Quang Ngai,VN,15.1167,108.8,66.81,92,100,8.34,overcast clouds
493,Cap Malheureux,MU,-19.9842,57.6142,80.47,82,31,5.01,scattered clouds
494,Iquique,CL,-20.2208,-70.1431,69.84,69,5,8.68,clear sky
495,Xining,CN,36.6167,101.7667,40.96,29,100,0.67,overcast clouds
496,Kutum,SD,14.2,24.6667,79.27,11,100,9.73,overcast clouds
497,Poya,NC,-21.35,165.15,79.38,89,100,5.23,overcast clouds
498,Notre-Dame-Du-Lac,CA,47.6136,-68.7964,43.14,82,100,7.67,overcast clouds
499,Isla Vista,US,34.4133,-119.861,69.91,77,97,3.0,overcast clouds
500,Lieksa,FI,63.3167,30.0167,18.91,94,98,3.11,overcast clouds
501,Krasnaya Gora,RU,52.9995,31.6023,27.91,88,100,7.67,overcast clouds
502,Pemangkat,ID,1.1667,108.9667,77.52,86,87,2.8,overcast clouds
503,Kenora,CA,49.8167,-94.4337,34.77,64,100,0.0,overcast clouds
504,Road Town,VG,18.4167,-64.6167,82.44,65,40,10.36,scattered clouds
505,Yazykovo,RU,55.2199,56.1353,39.11,94,99,13.42,overcast clouds
506,Quepos,CR,9.4236,-84.1652,86.2,67,78,6.53,broken clouds
507,Tanakpur,IN,29.0833,80.1167,73.04,14,2,9.46,clear sky
508,Elko,US,41.0002,-115.5012,55.63,11,0,8.99,clear sky
509,Abu Dhabi,AE,24.4667,54.3667,75.31,85,0,1.14,clear sky
510,Nome,US,64.5011,-165.4064,13.15,57,92,5.03,overcast clouds
511,Bethel,US,41.3712,-73.414,42.51,89,100,3.67,overcast clouds
512,Flinders,AU,-34.5833,150.8552,61.88,77,0,3.0,clear sky
513,Nahrin,AF,36.0649,69.1334,59.47,35,0,2.48,clear sky
514,Bubaque,GW,11.2833,-15.8333,75.2,71,35,22.77,scattered clouds
515,Copiapo,CL,-27.3667,-70.3333,64.09,30,0,8.12,clear sky
516,Nyanguge,TZ,-2.55,33.2,73.11,76,91,14.16,light rain
517,Igunga,TZ,-4.2833,33.8833,69.85,64,100,2.53,overcast clouds
518,Pemba,MZ,-12.974,40.5178,81.3,83,20,7.0,thunderstorm
519,Makakilo City,US,21.3469,-158.0858,78.19,55,68,23.26,broken clouds
520,Beloha,MG,-25.1667,45.05,71.8,88,1,10.36,clear sky
521,Zhangye,CN,38.9342,100.4517,46.96,21,79,4.34,broken clouds
522,Hurghada,EG,27.2574,33.8129,82.44,12,0,12.66,clear sky
523,Fort-Shevchenko,KZ,44.5086,50.263,50.09,80,100,2.86,overcast clouds
524,Eureka,US,40.8021,-124.1637,60.67,69,100,8.99,overcast clouds
525,Alyangula,AU,-13.8483,136.4192,71.47,100,40,0.0,scattered clouds
526,San Juan,AR,-31.5375,-68.5364,71.83,30,0,21.32,clear sky
527,Isangel,VU,-19.55,169.2667,80.24,84,100,8.39,overcast clouds
528,Altamont,US,42.2068,-121.7372,54.79,30,100,3.0,overcast clouds
529,Cap-Aux-Meules,CA,47.3821,-61.8597,33.85,75,20,17.27,few clouds
530,Chenzhou,CN,25.8,113.0333,54.05,73,1,2.73,clear sky
531,Tondano,ID,1.3038,124.9112,66.29,87,92,1.63,overcast clouds
532,Gusinoye Ozero,RU,51.1144,106.2614,28.09,86,100,6.33,overcast clouds
533,Dover,US,39.1582,-75.5244,59.05,45,75,23.02,broken clouds
534,Hargeysa,SO,9.56,44.065,70.63,54,7,6.73,clear sky
535,Fonte Boa,BR,-2.4959,-66.2662,79.05,89,95,2.93,overcast clouds
536,Sandwick,GB,60.0,-1.25,48.02,93,75,23.02,broken clouds
537,Menomonie,US,44.8755,-91.9193,48.72,42,100,8.05,overcast clouds
538,De-Kastri,RU,51.4667,140.7833,32.67,87,84,7.05,broken clouds
539,Tanout,NE,14.9709,8.8879,86.79,2,99,7.85,overcast clouds
540,Port Augusta,AU,-32.5,137.7667,58.51,67,3,2.91,clear sky
541,Myaundzha,RU,63.0494,147.1858,-13.92,100,99,1.16,overcast clouds
542,Oksfjord,NO,70.2396,22.3479,28.58,90,87,6.82,overcast clouds
543,Luena,AO,-11.7833,19.9167,63.16,95,69,4.23,light rain
544,Boa Vista,BR,2.8197,-60.6733,82.38,69,100,6.91,overcast clouds
545,Kiruna,SE,67.8557,20.2251,13.12,85,75,4.61,broken clouds
546,Yar-Sale,RU,66.8333,70.8333,6.42,92,100,9.91,overcast clouds
547,Sorong,ID,-0.8833,131.25,78.03,87,100,5.5,overcast clouds
548,Ovsyanka,RU,55.9575,92.5519,23.97,97,100,1.39,overcast clouds
549,Yumen,CN,40.2833,97.2,47.28,23,6,12.1,clear sky
550,Nainpur,IN,22.4333,80.1167,82.33,16,0,2.24,clear sky
551,Tubuala,PA,9.5167,-79.0333,81.7,78,99,10.58,overcast clouds
552,Filadelfia,US,39.9523,-75.1638,54.05,74,75,13.8,broken clouds
553,Lander,US,42.833,-108.7307,49.98,23,0,7.74,clear sky
554,Aita Mare,RO,45.9667,25.55,33.85,95,99,8.59,light snow
555,Tadine,NC,-21.55,167.8833,80.04,84,100,12.12,overcast clouds
556,Vadinsk,RU,53.6916,43.0574,31.62,95,100,5.77,overcast clouds
557,Develi,TR,38.3906,35.4922,56.55,61,77,6.62,broken clouds
558,Sinnamary,GF,5.3833,-52.95,79.23,87,50,11.65,moderate rain
559,Kizner,RU,56.2749,51.508,36.7,90,93,14.65,overcast clouds
560,Sao Jose Da Coroa Grande,BR,-8.8978,-35.1478,79.66,81,21,9.91,few clouds
561,Panjakent,TJ,39.4952,67.6093,56.95,33,9,7.09,clear sky
562,Zhanaozen,KZ,43.3,52.8,55.96,56,45,9.04,scattered clouds
563,Yurga,RU,55.7231,84.8861,23.68,96,100,5.86,overcast clouds
564,Palembang,ID,-2.9167,104.7458,73.49,94,75,8.05,broken clouds
565,Shuangcheng,CN,45.35,126.2833,44.28,41,0,20.94,clear sky
566,Kaeo,NZ,-35.1,173.7833,66.33,92,18,1.03,few clouds
567,Leh,IN,34.1667,77.5833,24.8,63,49,5.64,scattered clouds
568,Jhinjhak,IN,26.5667,79.7333,80.47,7,0,4.79,clear sky
569,Langenburg,DE,49.2544,9.8458,30.15,74,20,4.61,few clouds
570,Hami,CN,42.8,93.45,53.71,25,0,8.46,clear sky
571,Tongchuan,CN,35.0806,109.0897,53.06,55,100,0.54,overcast clouds
572,High Level,CA,58.5169,-117.136,28.51,64,75,11.5,broken clouds
573,Havelock,US,34.8791,-76.9013,75.15,35,0,11.99,clear sky
574,Dalvik,IS,65.9702,-18.5286,33.73,96,100,8.77,snow
575,Gberia Fotombu,SL,9.8833,-11.1667,84.76,46,97,7.72,overcast clouds
576,Te Anau,NZ,-45.4167,167.7167,46.22,75,69,0.94,broken clouds
577,Dongkan,CN,33.9997,119.8308,41.0,68,38,6.78,scattered clouds
578,Saint-Junien,FR,45.8833,0.9,37.98,88,8,2.71,clear sky
579,Miri,MY,4.4148,114.0089,75.34,100,20,2.3,few clouds
580,Ismailia,EG,30.6043,32.2723,67.14,46,100,9.69,overcast clouds
581,Cabangahan,PH,9.0781,122.9469,79.27,81,100,8.81,overcast clouds
582,Puerto Ayacucho,VE,5.6639,-67.6236,87.48,60,86,5.61,overcast clouds
583,Mahanoro,MG,-19.9,48.8,73.53,92,38,6.91,scattered clouds
584,Yinchuan,CN,38.4681,106.2731,51.62,14,64,3.98,broken clouds
585,Zaysan,KZ,47.4667,84.8667,42.01,57,3,0.43,clear sky
586,Ban Tak,TH,17.0432,99.0813,72.27,71,72,1.12,broken clouds
587,Wattegama,LK,6.7989,81.4808,73.94,92,1,0.63,clear sky
588,Shache,CN,38.4167,77.2406,59.45,20,25,5.1,scattered clouds
589,Rangapara,IN,26.8167,92.65,70.43,93,100,6.06,overcast clouds
590,Benjamin Constant,BR,-4.3831,-70.0311,77.13,78,75,2.3,broken clouds
591,San Juan De Colon,VE,8.0313,-72.2605,83.79,69,63,2.3,broken clouds
592,Tromso,NO,69.6496,18.957,24.82,54,0,3.44,clear sky
593,Turukhansk,RU,65.8167,87.9833,-5.08,100,23,3.96,few clouds
594,Alofi,NU,-19.0595,-169.9187,75.09,94,89,3.44,overcast clouds
595,Dubbo,AU,-32.25,148.6167,51.93,87,100,3.44,overcast clouds
596,Klenovyy,UA,48.1193,39.4588,46.38,81,100,18.03,overcast clouds
597,Thinadhoo,MV,0.5333,72.9333,82.89,65,5,2.57,clear sky
598,Great Yarmouth,GB,52.6083,1.7305,44.42,75,92,10.65,overcast clouds
599,Jizan,SA,17.3333,42.6667,85.14,47,7,5.5,clear sky
600,Paka,MY,4.6374,103.4368,75.7,89,94,3.71,overcast clouds
601,Cradock,ZA,-32.1642,25.6192,65.1,73,71,0.96,broken clouds
602,Jacareacanga,BR,-6.2222,-57.7528,76.66,96,100,2.59,overcast clouds
603,Talcahuano,CL,-36.7167,-73.1167,62.28,51,0,19.57,clear sky
604,San Ramon De La Nueva Oran,AR,-23.1322,-64.326,87.42,34,0,3.8,clear sky
605,Enugu,NG,6.4402,7.4943,82.15,67,100,9.24,overcast clouds
606,Sao Gabriel Da Cachoeira,BR,-0.1303,-67.0892,82.11,84,66,1.95,broken clouds
607,San Patricio,US,28.017,-97.5169,87.17,43,0,14.03,clear sky
608,Akyab,MM,20.15,92.9,78.67,83,21,1.25,few clouds
609,Mancio Lima,BR,-7.6142,-72.8958,82.62,68,94,2.93,overcast clouds
610,Plettenberg Bay,ZA,-34.0527,23.3716,61.18,90,82,1.97,broken clouds
611,Solnechnyy,RU,50.7214,136.6319,33.6,82,100,7.63,overcast clouds
612,Nizwa,OM,22.9333,57.5333,77.72,26,0,6.04,clear sky
613,Comodoro Rivadavia,AR,-45.8667,-67.5,67.86,22,0,23.02,clear sky
614,Gunnedah,AU,-30.9833,150.25,60.31,89,56,2.37,broken clouds
615,Galich,RU,58.3797,42.3475,24.15,90,100,7.07,overcast clouds
616,Malazgirt,TR,39.1427,42.5401,29.8,89,65,1.52,broken clouds
617,Waddan,LY,29.1614,16.139,80.89,11,1,15.26,clear sky
618,Abonnema,NG,4.7084,6.7931,80.55,81,97,7.11,overcast clouds
619,Bone,DE,51.9669,12.1396,39.25,75,99,9.84,overcast clouds
620,Carbonia,IT,39.1672,8.5222,49.01,61,100,3.44,overcast clouds
621,Adamas,GR,36.7333,24.4333,58.53,73,56,24.4,broken clouds
622,Katobu,ID,-4.9408,122.5276,73.45,93,54,2.64,broken clouds
623,Makamba,BI,-4.1348,29.804,62.17,88,82,2.33,broken clouds
624,Rio Muerto,MX,27.4167,-110.2333,85.28,21,30,15.03,scattered clouds
625,Storforshei,NO,66.4043,14.5233,26.38,100,75,2.3,light snow
626,Zabol,AF,32.25,67.25,56.75,16,0,7.61,clear sky
627,Iralaya,HN,15.0,-83.2333,83.44,65,8,9.55,clear sky
628,Keti Bandar,PK,24.1447,67.4497,78.19,68,29,9.86,scattered clouds
629,Shimoda,JP,34.6667,138.95,49.1,91,100,18.07,moderate rain
630,Dalaba,GN,10.7,-12.25,78.17,25,100,4.03,overcast clouds
631,Lakes Entrance,AU,-37.8811,147.981,57.16,93,100,20.07,light rain
632,Merauke,ID,-8.4667,140.3333,77.32,83,41,5.19,scattered clouds
633,Northport,US,33.229,-87.5772,75.58,36,0,1.01,clear sky
634,Luau,AO,-10.7073,22.2247,65.28,94,98,2.66,overcast clouds
635,Monroe,US,43.1501,-77.6831,39.24,92,100,11.5,light rain
636,Slave Lake,CA,55.2834,-114.769,47.97,46,63,10.65,broken clouds
637,Alausi,EC,-2.2,-78.8333,56.21,85,94,2.77,moderate rain
638,Kharovsk,RU,59.9642,40.1912,16.93,94,12,4.29,few clouds
639,Yerbogachen,RU,61.2767,108.0108,4.14,96,93,6.11,overcast clouds
640,Fort Nelson,CA,58.8053,-122.7002,32.43,99,100,3.06,overcast clouds
641,Tabou,CI,4.423,-7.3528,80.47,82,100,10.38,overcast clouds
642,Rozhyshche,UA,50.9154,25.2691,32.13,74,99,10.4,overcast clouds
643,Tandalti,SD,13.0167,31.8667,88.5,17,100,6.04,overcast clouds
644,Grand Gaube,MU,-20.0064,57.6608,80.38,82,27,5.99,scattered clouds
645,Veraval,IN,20.9,70.3667,77.43,78,3,10.29,clear sky
646,Kharitonovo,RU,61.4009,47.4978,24.35,93,100,8.48,overcast clouds
647,Abha,SA,18.2164,42.5053,63.93,36,61,3.87,broken clouds
648,Morgan City,US,29.6994,-91.2068,82.99,38,0,4.79,clear sky
649,Ostrzeszow,PL,51.4264,17.9336,29.07,67,29,8.34,scattered clouds
650,Bocaiuva,BR,-17.1078,-43.815,84.2,37,1,8.3,clear sky
651,Honiara,SB,-9.4333,159.95,79.0,88,97,6.06,overcast clouds
652,Mondovi,IT,44.396,7.8176,46.62,75,97,2.68,overcast clouds
653,Cabedelo,BR,-6.9811,-34.8339,75.87,76,61,13.0,light rain
654,Coahuayana,MX,18.7333,-103.6833,86.43,46,85,8.3,overcast clouds
655,Luwingu,ZM,-10.2621,29.9271,63.27,93,76,2.8,light rain
656,Kieta,PG,-6.2167,155.6333,79.11,83,99,1.05,overcast clouds
657,Remuna,IN,21.5261,86.8722,79.16,80,51,13.2,broken clouds
658,Katherine,AU,-14.4667,132.2667,75.52,64,39,4.61,scattered clouds
659,Castlemaine,AU,-37.0667,144.2167,52.99,93,54,3.87,broken clouds
660,Portalegre,PT,39.2938,-7.4312,41.58,46,67,5.93,broken clouds
661,Imamoglu,TR,37.2651,35.6572,61.83,92,100,3.69,overcast clouds
662,Nauta,PE,-4.5061,-73.5757,81.61,72,98,1.12,overcast clouds
663,Champerico,GT,14.3,-91.9167,86.74,60,2,13.91,clear sky
664,Lengshuitan,CN,26.4111,111.5956,56.12,72,54,2.13,broken clouds
665,Taltal,CL,-25.4,-70.4833,67.23,66,22,5.3,few clouds
666,Mbuji-Mayi,CD,-6.15,23.6,68.72,93,100,4.61,light rain
667,Kurmanayevka,RU,52.5093,52.0675,48.02,86,100,9.04,overcast clouds
668,Cukai,MY,4.25,103.4167,74.89,91,90,4.09,overcast clouds
669,Chikwawa,MW,-16.0335,34.8009,73.49,94,7,1.59,clear sky
670,Egvekinot,RU,66.3167,-179.1667,-7.58,83,62,16.89,broken clouds
671,Douentza,ML,14.9951,-2.9517,91.15,8,56,4.65,broken clouds
672,Olga,RU,43.7444,135.2892,36.21,65,0,4.79,clear sky
673,La Paz,BO,-16.5,-68.15,60.78,51,40,4.61,scattered clouds
674,Erenhot,CN,43.6475,111.9767,45.48,25,32,14.63,scattered clouds
